[
    {
      "id": 1,
      "priority": 1,
      "action": {
        "type": "modifyHeaders",
        "requestHeaders": [
          { "header": "Origin", "operation": "set", "value": "https://www.futbin.com" },
          { "header": "Referer", "operation": "set", "value": "https://www.futbin.com/" },
          { "header": "User-Agent", "operation": "set", "value": "Mozilla/5.0 (Windows NT 10.0; Win64; x64) AppleWebKit/537.36 (KHTML, like Gecko) Chrome/120.0.0.0 Safari/537.36" }
        ]
      },
      "condition": {
        "urlFilter": "futbin.com",
        "resourceTypes": ["xmlhttprequest"]
      }
    }
  ]